{
    "journeys": {
        "west_2_east_2015":{
            "name": "West to east road trip (Sep 2015)",
            "info": "Our road trip starting from Seattle, WA and heading to our home in Notre Dame, IN. This is the second stage of our road trip during my internship at Microsoft Research.",
            "slides": [
                {
                    "title": "Let's the adventure begin!",
                    "content": "God created Raki and Fish! We started our journey after tasting delicious fish while enjoying wonderful Turkish drink Raki.",
                    "lat-lon": [47.6908925,-122.3550099],
                    "zoom": 14
                },
                {
                    "title": "Olympic National Park",
                    "content": "",
                    "lat-lon": [48.0077764,-123.6943395],
                    "zoom": 10
                },
                {
                    "title": "Mount Rainier National Park",
                    "content": "",
                    "lat-lon": [46.7816386,-121.7375036],
                    "zoom": 13
                },
                {
                    "title": "Yellowstone National Park",
                    "content": "",
                    "lat-lon": [44.4070336,-110.620308],
                    "zoom": 8
                }
            ],
            "places": ["redmond", "hurricane_ridge_olympic_national_park", "crescent_lake_olympic_national_park", "sol_duc_olympic_national_park", "nisqually_rainier_national_park", "narada_rainier_national_park", "paradise_rainier_national_park", "reflection_rainier_national_park", "spokane","missoula","mammoth_yellowstone","spring_yellowstone","oldfaithful_yellowstone","grand_teton_national_park","mammoth_yellowstone","custer_state_park","mt_rushmore","minneapolis_falls","madison_winsconsin","milwaukee_winsconsin","notre_dame"]
        },

        "east_2_west_2015":{
            "name": "East to west road trip (Jun 2015)",
            "info": "Our road trip starting from Southbend IN and heading to Seattle WA. We are driving almost 2500 miles across continent, while visiting 9 different states and several cities on our path <br/><br/> Here is a blog posts from <a href='http://www3.nd.edu/~nmustafa/' target='_blank'>Nur</a> <br/> <a href='http://nurmustafaoglu.blogspot.com/2015/05/0-0-1-353-2018-university-of-notre-dame.html' target='_blank'>1</a> <a href='http://nurmustafaoglu.blogspot.com/2015/05/macera-dolu-amerika.html' target='_blank'>2</a> <a href='http://nurmustafaoglu.blogspot.com/2015/06/macera-dolu-amerika-3-gun.html' target='_blank'>3</a> <a href='http://nurmustafaoglu.blogspot.com/2015/06/macera-dolu-amerika-4-gun.html' target='_blank'>4</a> <a href='http://nurmustafaoglu.blogspot.com/2015/06/macera-dolu-amerika-5-gun.html' target='_blank'>5</a> <a href='http://nurmustafaoglu.blogspot.com/2015/06/macera-dolu-amerika-6-gun.html' target='_blank'>6</a> <a href='http://nurmustafaoglu.blogspot.com/2015/06/macera-dolu-amerika-7-gun.html' target='_blank'>7</a>",
            "slides": [
                {
                    "title": "Starting point: home",
                    "content": "We are starting our journey from Notre Dame. We prepared our stuff, cleared memory cards and charged batteries. Treats and drinks are also ready for our first long distance road trip.",
                    "lat-lon": [41.7111987,-86.2504452],
                    "zoom": 12
                },
                {
                    "title": "First stop: St. Louis",
                    "content": "Our first stop was St. Louis. We arrived there around noon and start wondering around town. It was a rainy day that's why we try to find old court house quickly and got our tickets for Gateways arch. It was a claustrophobic experience while reaching to the top of arch. They have a small capsules that can hardly accommodate 5 people. Nevertheless scenery was beautiful on the top of this 630-foot giant metal structure. We can easily see all downtown and Eads bridge that connects US rail system for the first time by passing Mississippi river. We later went to Butterfly house that I reccommend everyone to visit. It is a wonderful greenhouse that housing more than 20 species of beautiful creatures.",
                    "lat-lon": [38.6510416,-90.4052918],
                    "zoom": 11
                },
                {
                    "title": "Second stop: Kansas City",
                    "content": "We were exhausted when we arrived Kansas City. After a long drive from Notre Dame, we enjoyed our dinner. As recommended to us, we tasted delicious briskets and ribs yummy :)",
                    "lat-lon": [39.0397471,-94.5815882],
                    "zoom": 12
                },
                {
                    "title": "Third stop: Colorado Springs",
                    "content": "After a long drive from Kansas City, we arrived Manitou springs for our hotel very late. We started our third day very early to visit and headed to the Gardens of the Gods. After enjoying beautiful view we drove to the top of Pikes peak. All of those places are breath-taking and I recommend you to visit :)",
                    "lat-lon": [38.8688231,-104.9525787],
                    "zoom": 11
                },
                {
                    "title": "Fourth stop: Salt Lake City",
                    "content": "Salt Lake is a beautiful city and we enjoyed both city center and parks around it.",
                    "lat-lon": [40.7629046,-111.8875325],
                    "zoom": 10
                },
                {
                    "title": "Fifth stop: Twin Falls",
                    "content": "So much beauty in a very small radius of area.",
                    "lat-lon": [42.5965228,-114.4210791],
                    "zoom": 13
                }
            ],
            "places": ["notre_dame", "stlouis_arch", "stlouis_butterfly", "kansas_city_1", "kansas_city_2", "garden_of_the_gods", "old_colorado_city", "pikes_peak", "colorado_springs", "denver", "rock_springs", "salt_lake_city", "salt_lake_cottonwood", "twin_falls_perrine_bridge", "salt_lake_antelope_island", "twin_falls_shoshone_falls", "nampa", "portland_columbia_river", "portland_downtown", "portland_washington_park","redmond"]
        },

        "california_2013":{
            "name": "California (Dec 2013)",
            "info": "We wanted to spend our Christmas holiday in warmer places :)<br/>",
            "slides": [
                {
                    "title": "First stop: Los Angeles :)",
                    "content": "We spent our first couple of days exploring Los Angeles. We visited wax museum, hollywood and farmers market. In our last day in Los Angeles, we enjoyed beach for couple of hours. We choose bus as a way to commute between Los Angeles and San Francisco. We visited Chinatown and took our bus from main train station.<br/>",
                    "lat-lon": [34.0204989,-118.4117325],
                    "zoom": 10
                },
                {
                    "title": "San Francisco",
                    "content": "It is a lovely city that we enjoyed a lot. We booked a hotel in Chinatown, which has very nice neighborhood. We visited golden gate bridge, Fisherman Wharf, Lombard Street and piers along the seaside.",
                    "lat-lon": [37.7577,-122.4376],
                    "zoom": 10
                }
            ],
            "places": ["los_angeles", "san_francisco"]
        }
    },

    "cities": {
        "louisville_ky":{
            "name": "Louisville, KY",
            "zoom": 14,
            "places": ["louisville_ky_downtown", "mammoth_cave_ky"]
        },
        "nashville_tn":{
            "name": "Nashville, TN",
            "zoom": 14,
            "places": ["nashville_tn_downtown", "informs16"]
        },
        "niagara_fall_ny":{
            "name": "Niagara Falls, NY",
            "zoom": 14,
            "places": ["niagara_fall_park_ny"]
        },
        "cleveland_ohio":{
            "name": "Cleveland, OH",
            "zoom": 14,
            "places": ["cleveland_downtown"]
        },
        "evanston_illinois": {
            "name": "Evanston, IL",
            "zoom": 14,
            "places": ["northwestern_uni", "iccss16"]
        },
        "grand_canyon":{
            "name": "Grand Canyon Nat. Park, AZ",
            "zoom": 12,
            "places": ["grand_canyon_south"]
        },
        "page_arizona":{
            "name": "Page, AZ",
            "zoom": 12,
            "places": ["lower_antilope_canyon","horseshoe_bend","lake_powell"]
        },
        "phoenix_arizona":{
            "name": "Phoenix, AZ",
            "zoom": 12,
            "places": ["phoenix_arizona"]
        },
        "madison_winsconsin":{
            "name": "Madison, WI",
            "zoom":14,
            "places":["madison_winsconsin"]
        },
        "minneapolis":{
            "name": "Minneapolis, MN",
            "zoom":14,
            "places":["minneapolis_falls"]
        },
        "rapid_city":{
            "name": "Rapid City, SD",
            "zoom":11,
            "places":["custer_state_park","mt_rushmore"]
        },
        "grand_teton_national_park":{
            "name": "Grand Teton Nat. Park, WY",
            "zoom":14,
            "places":["grand_teton_national_park"]
        },
        "yellowstone_national_park":{
            "name": "Yellowstone Nat. Park, WY",
            "zoom":9,
            "places":["mammoth_yellowstone","spring_yellowstone","oldfaithful_yellowstone"]
        },
        "mt_rainier_national_park": {
            "name": "Mt. Rainier Nat. Park, WA",
            "zoom": 14,
            "places": ["nisqually_rainier_national_park", "narada_rainier_national_park", "paradise_rainier_national_park", "reflection_rainier_national_park"]
        },
        "olympic_national_park": {
            "name": "Olympic Nat. Park, WA",
            "zoom": 10,
            "places": ["sol_duc_olympic_national_park", "crescent_lake_olympic_national_park", "hurricane_ridge_olympic_national_park"]
        },
        "portland": {
            "name": "Portland, OR",
            "zoom": 10,
            "places": ["portland_downtown","portland_washington_park", "portland_columbia_river"]
        },
        "twin_falls": {
            "name": "Twin Falls, ID",
            "zoom": 13,
            "places": ["twin_falls_perrine_bridge", "twin_falls_shoshone_falls"]
        },
        "salt_lake_city": {
            "name": "Salt Lake City, UT",
            "zoom": 10,
            "places": ["salt_lake_city", "salt_lake_cottonwood", "salt_lake_antelope_island"]
        },
        "denver": {
            "name": "Denver, CO",
            "zoom": 15,
            "places": ["denver"]
        },
        "colorado_springs": {
            "name": "Colorado Springs, CO",
            "zoom": 12,
            "places": ["manitou_springs", "colorado_springs", "garden_of_the_gods", "pikes_peak", "old_colorado_city"]
        },
        "kansas_city": {
            "name": "Kansas City, MO",
            "zoom": 13,
            "places": ["kansas_city_1", "kansas_city_2"]
        },
        "stlouis": {
            "name": "St. Louis, MO",
            "zoom": 11,
            "places": ["stlouis_arch", "stlouis_butterfly"]
        },
        "seattle": {
            "name": "Seattle, WA",
            "zoom": 7,
            "places": ["redmond", "space_needle", "fremont"]
        },
        "boston": {
            "name": "Boston, MA",
            "zoom": 16,
            "places": ["cosn2014", "northeastern_university"]
        },
        "san_francisco": {
            "name": "San Francisco, CA",
            "zoom": 16,
            "places": ["san_francisco"]
        },
        "los_angeles": {
            "name": "Los Angeles, CA",
            "zoom": 16,
            "places": ["los_angeles"]
        },
        "urbana_champaign": {
            "name": "Urbana-Champaign, IL",
            "zoom": 13,
            "places": ["urbana_champaign", "uiuc"]
        },
        "michigan_city": {
            "name": "Michigan City, IN",
            "zoom": 15,
            "places": ["michigan_city"]
        },
        "amish_indiana": {
            "name": "Amish trail, IN",
            "zoom": 10,
            "places": ["nappanee_in","mishawaka_in","bristol_in"]
        },
        "san_antonio":{
            "name": "San Antonio, TX",
            "zoom": 14,
            "places": ["san_antonio"]
        },
        "chicago": {
            "name": "Chicago, IL",
            "zoom": 15,
            "places": ["chicago"]
        },
        "bloomington": {
            "name": "Bloomington, IN",
            "zoom": 12,
            "places": ["indiana_university"]
        },
        "southbend": {
            "name": "South bend, IN",
            "zoom": 12,
            "places": ["university_notredame", "notre_dame"]
        },
        "seoul": {
            "name": "Seoul, Korea",
            "zoom": 10,
            "places": ["www2014"]
        },
        "thessaloniki":{
            "name": "Thessaloniki, Greece",
            "zoom": 13,
            "places": ["thessaloniki", "ataturk_house"]
        },
        "lisbon": {
            "name": "Lisbon, Portugal",
            "zoom": 12,
            "places": ["lisbon", "euroskills_lisbon"]
        },
        "esslingen": {
            "name": "Esslingen, Germany",
            "zoom": 12,
            "places": ["esslingen", "festo"]
        },
        "hannover":{
          "name": "Hannover, Germany",
          "zoom": 13,
          "places": ["hannover","WebSci16"]
        },
        "cologne":{
            "name": "Cologne, Germany",
            "zoom": 13,
            "places": ["cologne_dom","ICWSM16"]
        },
        "amsterdam": {
            "name": "Amsterdam, Holland",
            "zoom": 12,
            "places": ["amsterdam"]
        },
        "rotterdam": {
            "name": "Rotterdam, Holland",
            "zoom": 12,
            "places": ["rotterdam", "euroskills_holland"]
        },
        "calgary": {
            "name": "Calgary, Canada",
            "zoom": 7,
            "places": ["worldskills_canada", "rocky_mountains", "calgary"]
        },
        "izmir": {
            "name": "Izmir, Turkey",
            "zoom": 9,
            "places": ["karsiyaka", "ephesus", "sirince","phocaea"]
        },
        "bursa": {
            "name": "Bursa, Turkey",
            "zoom": 10,
            "places": ["mudanya","iznik","bursa"]
        },
        "istanbul": {
            "name": "Istanbul, Turkey",
            "zoom": 12,
            "places": ["sariyer", "itu", "ku"]
        },
        "ankara": {
            "name": "Ankara, Turkey",
            "zoom": 11,
            "places": ["ankara", "metu", "aselsan", "anitkabir"]
        },
        "antalya": {
            "name": "Antalya, Turkey",
            "zoom": 14,
            "places": ["antalya", "akdeniz_university"]
        }
    },

    "conferences": {
        "informs16":{
            "name": "INFORMS'16 (Nashville TN, USA)",
            "location": "informs16",
            "presented":[
              {
                "title": "Analysis of Online Discourse and Information Diffusion",
                "link": ""
              }
            ]
        },
        "iccss16":{
            "name": "ICCSS'16 (Evanston IL, USA)",
            "location": "iccss16",
            "presented":[
              {
                "title": "Towards an Open-Domain Framework for Distilling the Outcomes of Personal Experiences from Social Media Timelines",
                "link": "http://www.aaai.org/ocs/index.php/ICWSM/ICWSM16/paper/view/13113"
              }
            ]
        },
        "websci16":{
            "name": "WebSci'16 (Hannover, Germany)",
            "location": "WebSci16",
            "presented":[
              {
                "title": "Spatiotemporal Analysis of Censored Content on Twitter",
                "link": "http://dl.acm.org/citation.cfm?doid=2908131.2908208"
              },
              {
                "title": "Information Dissemination in Heterogeneous-Intent Networks",
                "link": "http://dl.acm.org/citation.cfm?doid=2908131.2908161"
              }
            ]
        },
        "icwsm2016":{
            "name": "ICWSM'16 (Cologne, Germany)",
            "location": "ICWSM16",
            "presented":[
              {
                "title": "Detection of Promoted Social Media Campaigns",
                "link": "http://www.aaai.org/ocs/index.php/ICWSM/ICWSM16/paper/viewPDFInterstitial/13034/12789"
              },
              {
                "title": "Towards an Open-Domain Framework for Distilling the Outcomes of Personal Experiences from Social Media Timelines",
                "link": "http://www.aaai.org/ocs/index.php/ICWSM/ICWSM16/paper/view/13113"
              }
            ]
        },
        "und2016":{
            "name": "UND Big Data Summit (Grand Forks, ND)",
            "location": "UND16",
            "presented":[
              {
                "title": "Detection of Online Manipulation",
                "link": "https://und.edu/orgs/writers-conference/current-conference/big-data-summit-presenters.cfm"
              }
            ]
        },
        "ccs15": {
            "name": "CCS'15 (Tempe, USA)",
            "location": "ccs15",
            "presented":[
              {
                "title": "Evolution of online user behavior during a social upheaval",
                "link": "http://dl.acm.org/citation.cfm?id=2615699"
              }
            ]
        },
        "www14": {
            "name": "WWW'14 (Seoul,Korea)",
            "location": "www2014",
            "presented":[
              {
                "title": "Connecting Dream Networks Across Cultures",
                "link": "http://dl.acm.org/citation.cfm?id=2615699"
              }
            ]
        },
        "cosn14": {
            "name": "COSN'14 (Boston, USA)",
            "location": "cosn2014",
            "presented": [
              {
                "title": "Traveling Trends: Social Butterflies or Frequent Fliers?",
                "link": "http://dl.acm.org/citation.cfm?id=2512956"
              }
            ]
        }
    },

    "locations":{
        "louisville_ky_downtown":{
            "name": "Louisville Downtown",
            "location": "Louisville KY, USA",
            "lat-lon": [38.2567129,-85.7631662],
            "type": "holiday",
            "description": "",
            "img": ["img/louisville_ky_3.jpg","img/louisville_ky_1.jpg","img/louisville_ky_2.jpg"]
        },
        "mammoth_cave_ky":{
            "name": "Mammoth Cave National Park",
            "location": "Kentucky",
            "lat-lon": [37.1869978,-86.100528],
            "type": "holiday",
            "description": "",
            "img": ["img/mammoth_cave_1.jpg","img/mammoth_cave_2.jpg","img/mammoth_cave_3.jpg","img/mammoth_cave_4.jpg","img/mammoth_cave_5.jpg"]
        },
        "nashville_tn_downtown":{
            "name": "Nashville Downtown",
            "location": "Nashville TN, USA",
            "lat-lon": [36.1523961,-86.7946234],
            "type": "holiday",
            "description": "",
            "img": ["img/nashville_1.jpg","img/nashville_2.jpg","img/nashville_3.jpg","img/nashville_4.jpg"]
        },
        "informs16":{
            "name": "INFORMS Conference",
            "location": "Music City Center Nashville TN, USA",
            "lat-lon": [36.1557671,-86.7811792],
            "type": "c",
            "description": "conference",
            "img": []
        },
        "mishawaka_in":{
            "name": "Mishwaka Indiana",
            "location": "Mishawaka IN, USA",
            "lat-lon": [41.665473,-86.1756238],
            "type":"holiday",
            "description": "",
            "img": ["img/mishawaka_in_1.jpg","img/mishawaka_in_2.jpg"]
        },
        "bristol_in":{
            "name": "Bristol Indiana",
            "location": "Bristol IN, USA",
            "lat-lon": [41.719533,-85.8243621],
            "type":"holiday",
            "description": "",
            "img": ["img/bristol_in_1.jpg","img/bristol_in_2.jpg","img/bristol_in_3.jpg"]
        },
        "cleveland_downtown":{
            "name": "Cleveland downtown",
            "location": "Cleveland OH, USA",
            "lat-lon": [41.4994256,-81.693589],
            "type": "holiday",
            "description": "",
            "img": ["img/cleveland_oh_1.jpg","img/cleveland_oh_2.jpg","img/cleveland_oh_3.jpg"]
        },
        "niagara_fall_park_ny":{
            "name": "Niagara Falls Park",
            "location": "Niagara Falls NY, USA",
            "lat-lon": [43.0834249,-79.0703727],
            "type": "holiday",
            "description": "",
            "img": ["img/niagara_fall_park_ny_1.jpg","img/niagara_fall_park_ny_2.jpg","img/niagara_fall_park_ny_3.jpg"]
        },
        "kinzua_wolf_run_marina":{
            "name": "Kinzua-wolf run marina",
            "location": "Clarendon PA, USA",
            "lat-lon": [41.8555537,-78.9498543],
            "type": "holiday",
            "description": "",
            "img": []
        },
        "kinzua_bridge":{
            "name": "Kinzua bridge",
            "location": "Mt Jewett PA, USA",
            "lat-lon": [41.7617043,-78.5895366],
            "type": "holiday",
            "description": "",
            "img": ["img/kinzua_bridge_1.jpg","img/kinzua_bridge_2.jpg"]
        },
        "new_holland_michigan":{
            "name": "New Holland",
            "location": "New Holland MI, USA",
            "lat-lon": [42.7900845,-86.1064175],
            "type": "holiday",
            "description": "",
            "img": ["img/new_holland_1.jpeg"]
        },
        "northwestern_uni":{
            "name": "Northwestern University",
            "location": "Evanston IL, USA",
            "lat-lon": [42.052337, -87.669963],
            "type": "holiday",
            "description": "",
            "img": ["img/northwestern_uni_1.jpg","img/northwestern_uni_2.jpg"]
        },
        "iccss16":{
            "name": "ICCSS'16",
            "location": "Evanston IL, USA",
            "lat-lon": [42.0534778,-87.6779096],
            "type": "conference",
            "description": "ICCSS 2016 Conference",
            "img": ["img/iccss2016_1.jpg"]
        },
        "hannover":{
            "name": "Hannover",
            "location": "Hannover, Germany",
            "lat-lon": [52.3685756,9.731464],
            "type": "holiday",
            "description": "",
            "img": ["img/hannover_4.jpg","img/hannover_3.jpg","img/hannover_1.jpg","img/hannover_2.jpg"]
        },
        "WebSci16": {
            "name": "WebSci'16",
            "location": "Hannover, Germany",
            "lat-lon": [52.3616405,9.7340234],
            "type": "conference",
            "description": "Web Science 2016 Conference",
            "img": []
        },
        "cologne_dom": {
            "name": "Kölner Dom",
            "location": "Cologne, Germany",
            "lat-lon": [50.9410691,6.9572198],
            "type": "holiday",
            "description": "",
            "img": ["img/cologne_1.jpg", "img/cologne_2.jpg"]
        },
        "ICWSM16": {
            "name": "ICWSM'16",
            "location": "Cologne, Germany",
            "lat-lon": [50.9446839,6.9510913],
            "type": "conference",
            "description": "ICWSM 2016 Conference",
            "img": ["img/icwsm2016_1.jpg", "img/icwsm2016_2.jpg"]
        },
        "UND16": {
            "name": "UND Big Data Summit",
            "location": "North Dakota, USA",
            "lat-lon": [47.9217364,-97.0685038],
            "type": "conference",
            "description": "UND Big Data Summit",
            "img": ["img/und_bigdata_presentation.png"]
        },
        "lower_antilope_canyon":{
            "name": "Lower Antilope Canyon Page, AZ",
            "location": "Lower Antilope Canyon Page, AZ",
            "lat-lon": [36.9030927,-111.4140124],
            "type": "holiday",
            "description": "Lower Antilope Canyon Page, AZ",
            "img": ["img/lower_antilope_1.jpg","img/lower_antilope_2.jpg","img/lower_antilope_3.jpg"]
        },
        "horseshoe_bend":{
            "name": "Horseshoe bend Page, AZ",
            "location": "Horseshoe bend Page, AZ",
            "lat-lon": [36.8801145,-111.5148061],
            "type": "holiday",
            "description": "Horseshoe bend Page, AZ",
            "img": ["img/horseshoe_bend_1.jpg"]
        },
        "lake_powell":{
            "name": "Lake Powell Page, AZ",
            "location": "Lake Powell Page, AZ",
            "lat-lon": [36.9359309,-111.4982302],
            "type": "holiday",
            "description": "Lake Powell Page, AZ",
            "img": ["img/lake_powell_1.jpg","img/lake_powell_2.jpg"]
        },
        "grand_canyon_south":{
            "name": "Grand Canyon National Park South Rim, AZ",
            "location": "Grand Canyon National Park South Rim, AZ",
            "lat-lon": [36.1073396,-112.1153124],
            "type": "holiday",
            "description": "Grand Canyon National Park South Rim, AZ",
            "img": ["img/grandcanyon_1.jpg","img/grandcanyon_2.jpg","img/grandcanyon_3.jpg","img/grandcanyon_4.jpg"]
        },
        "ccs15": {
            "name": "CCS'15 Conference",
            "location": "Tempe, Arizona, USA",
            "lat-lon": [33.4060374,-111.9617981],
            "type": "conference",
            "description": "CCS'15 Conference",
            "img": []
        },
        "phoenix_arizona":{
            "name": "Phoenix, AZ",
            "location": "Phoenix, Arizona, USA",
            "lat-lon": [33.6056695,-112.4059331],
            "type": "holiday",
            "description": "Phoenix Arizona",
            "img": []
        },
        "milwaukee_winsconsin":{
            "name": "Milwaukee, WI",
            "location": "Milwaukee, WI",
            "lat-lon": [43.0325172,-87.9057566],
            "type": "holiday",
            "description": "Milwaukee, Winsconsin",
            "img": []
        },
        "madison_winsconsin":{
            "name": "Madison, WI",
            "location": "Wisconsin State Capitol, Madison, WI",
            "lat-lon": [43.0746248,-89.3843311],
            "type": "holiday",
            "description": "Madison, Winsconsin",
            "img": ["img/madison_winsconsin_1.jpg"]
        },
        "minneapolis_falls": {
            "name": "St. Anthony Falls, Minneapolis, MN",
            "location": "St. Anthony Falls, Minneapolis, MN",
            "lat-lon": [44.9821877,-93.2555026],
            "type": "holiday",
            "description": "St. Anthony Falls, Minneapolis, MN",
            "img": ["img/minneapolis_falls_1.jpg","img/minneapolis_falls_2.jpg"]
        },
        "mt_rushmore": {
            "name": "Mt. Rushmore National Monument, South Dakota",
            "location": "Mt Rushmore, SD-244, Keystone, SD",
            "lat-lon": [43.8791013,-103.459605],
            "type": "holiday",
            "description": "Mt. Rushmore National Monument",
            "img": ["img/mt_rushmore_1.jpg","img/mt_rushmore_2.jpg"]
        },
        "custer_state_park": {
            "name": "Custer State Park, South Dakota",
            "location": "Custer State Park, Custer, SD",
            "lat-lon": [43.714542,-103.40538],
            "type": "holiday",
            "description": "Custer State Park, South Dakota",
            "img": ["img/custer_state_park_1.jpg"]
        },
        "grand_teton_national_park": {
            "name": "Grand Teton National Park, Wyoming",
            "location": "Grand Teton National Park, Wyoming",
            "lat-lon": [43.7930357,-110.6815016],
            "type": "holiday",
            "description": "Grand Teton National Park, Wyoming",
            "img": ["img/grand_teton_national_park_1.jpg","img/grand_teton_national_park_2.jpg"]
        },
        "oldfaithful_yellowstone": {
            "name": "Old Faithful, Yellowstone National Park, WY",
            "location": "Old Faithful, Yellowstone National Park, WY",
            "lat-lon": [44.4604714,-110.8281318],
            "type": "holiday",
            "description": "Old Faithful, Yellowstone National Park, WY",
            "img": ["img/oldfaithful.gif"]
        },
        "spring_yellowstone": {
            "name": "Grand Prismatic Spring, Yellowstone National Park, WY",
            "location": "Grand Prismatic Spring, Grand Loop Rd, Yellowstone National Park, WY",
            "lat-lon": [44.5250822,-110.8381893],
            "type": "holiday",
            "description": "Grand Prismatic Spring, Yellowstone National Park",
            "img": ["img/spring_yellowstone_1.jpg","img/spring_yellowstone_2.jpg"]
        },
        "mammoth_yellowstone": {
            "name": "Mammoth Hot Springs, Yellowstone National Park, WY",
            "location": "Mammoth Hot Springs, Yellowstone National Park, WY",
            "lat-lon": [44.9710109,-110.7033456],
            "type": "holiday",
            "description": "Mammoth Hot Springs, Yellowstone National Park",
            "img": ["img/mammoth_yellowstone_1.jpg"]
        },
        "missoula": {
            "name": "Missoula, Montana",
            "location": "Missoula, WA",
            "lat-lon": [46.8763215,-114.018167],
            "type": "holiday",
            "description": "Missoula Montana",
            "img": []
        },
        "spokane": {
            "name": "Spokane, Washington",
            "location": "Spokane, WA",
            "lat-lon": [47.6728404,-117.4121499],
            "type": "holiday",
            "description": "Spokane Washington",
            "img": []
        },
        "reflection_rainier_national_park": {
            "name": "Reflection Lake, Mount Rainier National Park",
            "location": "Reflection Lake, Mount Rainier National Park, WA",
            "lat-lon": [46.7696683,-121.7306477],
            "type": "holiday",
            "description": "Reflection Lake, Mount Rainier National Park",
            "img": []
            },
        "narada_rainier_national_park": {
            "name": "Narada Falls, Mount Rainier National Park",
            "location": "Narada Falls, Mount Rainier National Park, WA",
            "lat-lon": [46.7748978,-121.7461845],
            "type": "holiday",
            "description": "Narada Falls, Mount Rainier National Park",
            "img": ["img/narada_rainier_1.jpg"]
            },
        "nisqually_rainier_national_park": {
            "name": "Nisqually river, Mount Rainier National Park",
            "location": "Nisqually river, Mount Rainier National Park, WA",
            "lat-lon": [46.7815554,-121.7631469],
            "type": "holiday",
            "description": "Nisqually river, Mount Rainier National Park",
            "img": ["img/nisqually_rainier_1.jpg"]
            },
        "paradise_rainier_national_park": {
            "name": "Paradise, Mount Rainier National Park",
            "location": "Paradise, Mount Rainier National Park, WA",
            "lat-lon": [46.7862194,-121.7353718],
            "type": "holiday",
            "description": "Paradise, Mount Rainier National Park",
            "img": ["img/mt_rainier.jpg"]
            },
        "sol_duc_olympic_national_park":{
            "name": "Sol Duc Hot Springs, Olympic National Park",
            "location": "Sol Duc Hot Springs, Olympic National Park, WA",
            "lat-lon": [47.9695972,-123.8635286],
            "type": "holiday",
            "description": "Sol Duc Hot Springs, Olympic National Park",
            "img": ["img/solduc_olympic_1.jpg"]
            },
        "crescent_lake_olympic_national_park":{
            "name": "Crencent lake, Olympic National Park",
            "location": "Crencent lake, Olympic National Park, WA",
            "lat-lon": [48.07178,-123.8291036],
            "type": "holiday",
            "description": "Crencent lake, Olympic National Park",
            "img": ["img/crescent_olympic_2.jpg", "img/crescent_olympic_1.jpg","img/crescent_olympic_3.jpg"]
            },
        "hurricane_ridge_olympic_national_park":{
            "name": "Hurricane ridge, Olympic National Park",
            "location": "Hurricane ridge, Olympic National Park, WA",
            "lat-lon": [47.9331452,-123.4096267],
            "type": "holiday",
            "description": "Hurricane ridge, Olympic National Park",
            "img": ["img/hurricane_olympic_1.jpg", "img/hurricane_olympic_2.jpg"]
            },
        "fremont": {
            "name": "Fremont, Washington",
            "location": "Fremont, WA",
            "lat-lon": [47.6570097,-122.3549128],
            "type": "holiday",
            "description": "Fremont",
            "img": []
           },
        "portland_downtown": {
            "name": "Portland, Oregon",
            "location": "Portland, OR",
            "lat-lon": [45.5195884,-122.698024],
            "type": "holiday",
            "description": "Portland",
            "img": []
            },
        "portland_washington_park": {
            "name": "Washinton Park, Portland, Oregon",
            "location": "Washington Park, Portland, OR",
            "lat-lon": [45.511487,-122.7174099],
            "type": "holiday",
            "description": "Washington Park",
            "img": ["img/portland_washington_park_3.jpg","img/portland_washington_park_2.jpg","img/portland_washington_park_1.jpg"]
            },
        "portland_columbia_river": {
            "name": "Columbia river, Oregon",
            "location": "Columbia river, OR",
            "lat-lon": [45.5870252,-121.7023051],
            "type": "holiday",
            "description": "Columbia River",
            "img": ["img/portland_columbia_river_1.jpg","img/portland_columbia_river_2.jpg"]
            },
        "nampa": {
            "name": "Nampa, Idaho",
            "location": "Nampa, ID",
            "lat-lon": [43.5818969,-116.5698458],
            "type": "holiday",
            "description": "Nampa",
            "img": []
            },
        "twin_falls_shoshone_falls": {
            "name": "Shoshone Falls, Twin Falls, Idaho",
            "location": "Shoshone Falls, Twin Falls, ID",
            "lat-lon": [42.5956986,-114.4003874],
            "type": "holiday",
            "description": "Shoshone Falls",
            "img": ["img/twin_falls_shoshone_falls_3.jpg","img/twin_falls_shoshone_falls_1.jpg", "img/twin_falls_shoshone_falls_2.jpg"]
            },
        "twin_falls_perrine_bridge": {
            "name": "Perrine Bridge, Twin Falls, Idaho",
            "location": "Perrine Bridge, Twin Falls, ID",
            "lat-lon": [42.60084,-114.453515],
            "type": "holiday",
            "description": "Perrine Bridge",
            "img": ["img/twin_falls_perrine_bridge_2.jpg","img/twin_falls_perrine_bridge_1.jpg"]
            },
        "salt_lake_cottonwood": {
            "name": "Big Cottonwood Canyon, Salt Lake City",
            "location": "Big Cottonwood Canyon, Salt Lake City, UT",
            "lat-lon": [40.6069238,-111.5880112],
            "type": "holiday",
            "description": "Big Cottonwood Canyon",
            "img": ["img/bigcottonwood_4.jpg","img/bigcottonwood_1.jpg","img/bigcottonwood_2.jpg","img/bigcottonwood_3.jpg"]
            },
        "salt_lake_antelope_island": {
            "name": "Antelope Island, Salt Lake City",
            "location": "Antelope Island, Salt Lake City, UT",
            "lat-lon": [40.9564141,-112.2107073],
            "type": "holiday",
            "description": "Antelope Island",
            "img": ["img/antelope_island_1.jpg"]
            },
        "salt_lake_city": {
            "name": "Salt Lake City",
            "location": "Salt Lake City, UT",
            "lat-lon": [40.7629046,-111.8875325],
            "type": "holiday",
            "description": "Salt Lake City",
            "img": ["img/saltlake_1.jpg","img/saltlake_2.jpg"]
            },
        "rock_springs": {
            "name": "Rock Springs",
            "location": "Rock Springs, WY",
            "lat-lon": [41.5937149,-109.2428237],
            "type": "holiday",
            "description": "Rock Springs",
            "img": []
            },
        "denver": {
            "name": "Denver CO",
            "location": "Denver, CO",
            "lat-lon": [39.7437512,-104.9745878],
            "type": "holiday",
            "description": "Denver",
            "img": ["img/denver_3.jpg","img/denver_1.jpg","img/denver_2.jpg"]
            },
        "pikes_peak": {
            "name": "Pikes peak, Colorado Springs CO",
            "location": "Pikes peak national forest, Colorado Springs, CO",
            "lat-lon": [38.8523583,-105.0374316],
            "type": "holiday",
            "description": "Pikes peak",
            "img": ["img/pikes_peak_5.jpg","img/pikes_peak_1.jpg","img/pikes_peak_2.jpg","img/pikes_peak_3.jpg","img/pikes_peak_4.jpg"]
            },
        "garden_of_the_gods": {
            "name": "Garden of the Gods, Colorado Springs CO",
            "location": "Garden of the Gods, Colorado Springs, CO",
            "lat-lon": [38.8771069,-104.880044],
            "type": "holiday",
            "description": "Garden of the Gods",
            "img": ["img/gardens_of_the_gods_5.jpg","img/gardens_of_the_gods_4.jpg","img/gardens_of_the_gods_1.jpg","img/gardens_of_the_gods_2.jpg","img/gardens_of_the_gods_3.jpg"]
            },
        "old_colorado_city": {
            "name": "Old colorado city, Colorado Springs CO",
            "location": "Old colorado city, Colorado Springs, CO",
            "lat-lon": [38.8461538,-104.8610294],
            "type": "holiday",
            "description": "Old colorado city",
            "img": ["img/old_colorado_city_2.jpg","img/old_colorado_city_1.jpg"]
            },
        "colorado_springs": {
            "name": "Colorado Springs, CO",
            "location": "Colorado Springs, Colorado",
            "lat-lon": [38.8342857,-104.8242667],
            "type": "holiday",
            "description": "Colorado Springs",
            "img": []
            },
        "manitou_springs": {
            "name": "Manitou Springs, CO",
            "location": "Manitou Springs, Colorado",
            "lat-lon": [38.8558242,-104.9221517],
            "type": "holiday",
            "description": "Manitou Springs",
            "img": []
            },
        "kansas_city_2": {
            "name": "Union station, Kansas City",
            "location": "Union station, Kansas City, Missouri",
            "lat-lon": [39.085079,-94.5857718],
            "type": "holiday",
            "description": "Union Station",
            "img": ["img/kansas_city_2_1.jpg"]
            },
        "kansas_city_1": {
            "name": "Country club plaza, Kansas City",
            "location": "Country club plaza, Kansas City, Missouri",
            "lat-lon": [39.0429474,-94.5879182],
            "type": "holiday",
            "description": "Country club plaza",
            "img": ["img/kansas_city_1_1.jpg","img/kansas_city_1_2.jpg","img/kansas_city_1_3.jpg"]
            },
        "stlouis_butterfly": {
            "name": "Butterfly Garden, St Louis",
            "location": "The Butterfly House, St. Louis",
            "lat-lon": [38.66464,-90.542846],
            "type": "holiday",
            "description": "Butterfly Garden",
            "img": ["img/stlouis_4.jpg","img/stlouis_5.jpg"]
            },
        "stlouis_arch": {
            "name": "Gateway Arch, St Louis",
            "location": "The Gateway Arch, St. Louis",
            "lat-lon": [38.624691,-90.184776],
            "type": "holiday",
            "description": "St. Louis Gateway Arch",
            "img": ["img/stlouis_6.jpg","img/stlouis_1.jpg","img/stlouis_2.jpg","img/stlouis_3.jpg"]
            },
        "redmond": {
            "name": "Redmond",
            "location": "Microsoft Campus, Building 99, Remond Washington",
            "lat-lon": [47.6421149,-122.1412169],
            "type": "work",
            "description": "Internship at MSR",
            "img": []
            },
        "space_needle": {
            "name": "Space needle",
            "location": "Space Needle, Broad Street, Seattle, WA",
            "lat-lon": [47.620506,-122.349277],
            "type": "holiday",
            "description": "Space needle",
            "img": ["img/space_needle.jpg"]
            },
        "www2014": {
            "name": "WWW'14 Conference",
            "location": "COEX Convention & Exhibition Center, Seoul, Korea",
            "lat-lon": [37.512511,127.058802],
            "type": "conference",
            "description": "WWW'14 Conference",
            "img": ["img/www2014.jpg"]
            },
        "cosn2014": {
            "name": "COSN'14 Conference",
            "location": "Northeastern University Boston, MA",
            "lat-lon": [42.3382209,-71.0884424],
            "type": "conference",
            "description": "COSN'14 Conference",
            "img": []
            },
        "northeastern_university": {
            "name": "Northeastern University",
            "location": "Northeastern University Boston, MA",
            "lat-lon": [42.339807,-71.089172],
            "type": "university",
            "description": "Northeastern University",
            "img": []
            },
        "san_francisco": {
            "name": "San Francisco, CA",
            "location": "San Francisco, CA, USA",
            "lat-lon": [37.7577,-122.4376],
            "type": "holiday",
            "description": "San Francisco",
            "img": ["img/golden_gate.jpg"]
            },
        "los_angeles": {
            "name": "Los Angeles, CA",
            "location": "Los Angeles, CA, USA",
            "lat-lon": [34.0204989,-118.4117325],
            "type": "holiday",
            "description": "Los Angeles",
            "img": ["img/hollywood_waxmuseum.jpg"]
            },
        "urbana_champaign": {
            "name": "Urbana-Champaign, IL",
            "location": "Urbana-Champaign, IL, USA",
            "lat-lon": [40.0930187,-88.2099851],
            "type": "holiday",
            "description": "",
            "img": ["img/champaign2.jpg"]
            },
        "uiuc": {
            "name": "University of Illinois at Urbana-Champaign",
            "location": "University of Illinois at Urbana-Champaign, Champaign, IL, IL, USA",
            "lat-lon": [40.101952,-88.227162],
            "type": "university",
            "description": "University of Illinois at Urbana-Champaign",
            "img": ["img/champaign.jpg"]
            },
        "michigan_city": {
            "name": "Michigan City, IN",
            "location": "Michigan City, IN, USA",
            "lat-lon": [41.7256222,-86.8975964],
            "type": "holiday",
            "description": "Washington park, Michigan City",
            "img": ["img/michigan_city.jpg"]
            },
        "nappanee_in": {
            "name": "Nappanee, IN",
            "location": "Nappanee, IN, USA",
            "lat-lon": [41.4468548,-85.9978348],
            "type": "holiday",
            "description": "Nappanee Apple Festival",
            "img": ["img/nappanee.jpg"]
            },
        "san_antonio": {
            "name": "San Antonio, Texas",
            "location": "San Antonio, TX, USA",
            "lat-lon": [29.4814305,-98.5144044],
            "type": "holiday",
            "description": "",
            "img": ["img/san_antonio.jpg"]
            },
        "chicago": {
            "name": "Chicago, IL",
            "location": "Chicago, IL, USA",
            "lat-lon": [41.8826513,-87.6233557],
            "type": "holiday",
            "description": "Chicago",
            "img": ["img/chicago.jpg"]
            },
        "indiana_university": {
            "name": "Indiana University Bloomington",
            "location": "Indiana University, Bloomington, IN, USA",
            "lat-lon": [39.1716132,-86.5233573],
            "type": "myuniversity",
            "description": "IU School of Informatics & Computing",
            "img": ["img/soic.jpg"]
            },
        "university_notredame": {
            "name": "University of Notre Dame",
            "location": "University of Notre Dame, IN, USA",
            "lat-lon": [41.705572,-86.235339],
            "type": "university",
            "description": "University of Notre Dame",
            "img": ["img/notredame2.jpg"]
            },
        "notre_dame": {
            "name": "Notre Dame",
            "location": "Notre Dame, IN, USA",
            "lat-lon": [41.7111987,-86.2504452],
            "type": "lived",
            "description": "Notre Dame",
            "img": ["img/southbend.jpg"]
            },
        "thessaloniki": {
            "name": "White Castle, Thessaloniki",
            "location": "Thessaloniki, Greece",
            "lat-lon": [40.6261865,22.9484802],
            "type": "holiday",
            "description": "White Castle",
            "img": ["img/white_castle.jpg"]
            },
        "ataturk_house": {
            "name": "Ataturk's House",
            "location": "Ataturk's House Thessaloniki, Greece",
            "lat-lon": [40.635646,22.954145],
            "type": "holiday",
            "description": "Ataturk's House",
            "img": ["img/selanik_ataturk.jpg"]
            },
        "lisbon": {
            "name": "Lisbon",
            "location": "Lisbon",
            "lat-lon": [38.693597,-9.205712],
            "type": "holiday",
            "description": "Lisbon",
            "img": ["img/lisbon.jpg"]
            },
        "euroskills_lisbon": {
            "name": "Euroskill competition",
            "location": "Lisbon",
            "lat-lon": [38.7436266,-9.1602037],
            "type": "holiday",
            "description": "Euroskill competition Lisbon",
            "img": ["img/euroskills_lisbon.jpg"]
            },
        "esslingen": {
            "name": "Esslingen",
            "location": "Esslingen",
            "lat-lon": [48.7411629,9.336416],
            "type": "holiday",
            "description": "Esslingen",
            "img": ["img/esslingen.jpg"]
            },
        "festo": {
            "name": "Festo",
            "location": "Festo, Esslingen",
            "lat-lon": [48.7022644,9.3117043],
            "type": "holiday",
            "description": "Festo",
            "img": ["img/festo_esslingen.jpg"]
            },
        "amsterdam": {
            "name": "Amsterdam",
            "location": "Amsterdam",
            "lat-lon": [52.3747158,4.8986142],
            "type": "holiday",
            "description": "Amsterdam",
            "img": ["img/amsterdam.jpg"]
            },
        "rotterdam": {
            "name": "Rotterdam",
            "location": "Rotterdam",
            "lat-lon": [51.9279723,4.4904063],
            "type": "holiday",
            "description": "",
            "img": ["img/rotterdam.jpg"]
            },
        "euroskills_holland": {
            "name": "Euroskills Holland",
            "location": "AHOY Rotterdam",
            "lat-lon": [51.882569,4.487182],
            "type": "holiday",
            "description": "Euroskills Holland",
            "img": ["img/euroskills_amsterdam.jpg"]
            },
        "worldskills_canada": {
            "name": "Worldskill Canada",
            "location": "Calgary",
            "lat-lon": [51.0281805,-114.0720956],
            "type": "holiday",
            "description": "Worldskill competition Canada",
            "img": ["img/worldskills_canada.jpg"]
            },
        "rocky_mountains": {
            "name": "Rocky Mountains",
            "location": "Rocky Mountains",
            "lat-lon": [53.1314269,-118.978539],
            "type": "holiday",
            "description": "Rocky mountains",
            "img": ["img/rocky_mountains.jpg"]
            },
        "calgary": {
            "name": "Calgary",
            "location": "Calgary, Canada",
            "lat-lon": [51.0444301,-114.0632692],
            "type": "holiday",
            "description": "Calgary tower",
            "img": ["img/calgary_tower.jpg"]
            },
        "karsiyaka": {
            "name": "Karsiyaka",
            "location": "Karsiyaka, Izmir, Turkey",
            "lat-lon": [38.4555979,27.1196626],
            "type": "lived",
            "description": "Karsiyaka",
            "img": ["img/karsiyaka.jpg","img/karsiyaka_1.jpg","img/karsiyaka_2.jpg"]
            },
        "ephesus": {
            "name": "Ephesus",
            "location": "Ephesus, Izmir, Turkey",
            "lat-lon": [37.9147005,27.323682],
            "type": "holiday",
            "description": "Ephesus",
            "img": ["img/ephesus2014.jpg"]
            },
        "phocaea": {
            "name": "Phocaea",
            "location": "Phocaea, Izmir, Turkey",
            "lat-lon": [38.6686423,26.7536308],
            "type": "holiday",
            "description": "Phocaea",
            "img": ["img/phocaea_1.jpg","img/phocaea_2.jpg"]
            },
        "sirince": {
            "name": "Sirince",
            "location": "Sirince, Izmir, Turkey",
            "lat-lon": [37.944101,27.4310803],
            "type": "holiday",
            "description": "Sirince",
            "img": []
            },
        "mudanya": {
            "name": "Mudanya",
            "location": "Mudanya, Bursa, Turkey",
            "lat-lon": [40.365666,28.8994174],
            "type": "holiday",
            "description": "Mudanya",
            "img": []
            },
        "iznik": {
            "name": "Iznik",
            "location": "Iznik, Bursa, Turkey",
            "lat-lon": [40.4304785,29.7147453],
            "type": "holiday",
            "description": "Iznik, Bursa",
            "img": []
            },
        "bursa": {
            "name": "Bursa",
            "location": "Bursa, Turkey",
            "lat-lon": [40.1833934,29.0607182],
            "type": "holiday",
            "description": "Bursa",
            "img": ["img/bursa_1.jpg","img/bursa_2.jpg"]
            },
        "sariyer": {
            "name": "Sariyer",
            "location": "Sariyer, Istanbul, Turkey",
            "lat-lon": [41.1677632,29.0561835],
            "type": "lived",
            "description": "Sariyer",
            "img": []
            },
        "itu": {
            "name": "ITU",
            "location": "Istanbul Teknik University, Turkey",
            "lat-lon": [41.105594,29.02534],
            "type": "myuniversity",
            "description": "ITU",
            "img": ["img/itu_mezuniyet.jpg"]
            },
        "ku": {
            "name": "KU",
            "location": "Koc University, Turkey",
            "lat-lon": [41.205302,29.07342],
            "type": "myuniversity",
            "description": "Koc University",
            "img": ["img/koc_university2.jpg"]
            },
        "ankara": {
            "name": "Ankara",
            "location": "Ankara, Turkey",
            "lat-lon": [39.8863899,32.7782817],
            "type": "lived",
            "description": "Ankara",
            "img": []
            },
        "anitkabir": {
            "name": "Anıtkabir",
            "location": "Ankara, Turkey",
            "lat-lon": [39.9247385,32.8368624],
            "type": "holiday",
            "description": "Anıtkabir",
            "img": ["img/anitkabir_1.jpg","img/anitkabir_2.jpg","img/anitkabir_3.jpg"]
            },
        "metu": {
            "name": "Middle Eastern Technical University",
            "location": "Middle Eastern Technical University, Ankara, Turkey",
            "lat-lon": [39.892375,32.77987],
            "type": "university",
            "description": "Middle Eastern Technical University",
            "img": []
            },
        "aselsan": {
            "name": "Aselsan",
            "location": "Aselsan Akyurt tesisleri, Ankara, Turkey",
            "lat-lon": [40.08595,33.024284],
            "type": "work",
            "description": "Aselsan Internship",
            "img": []
            },
        "antalya": {
            "name": "Antalya",
            "location": "Antalya, Turkey",
            "lat-lon": [36.8979375,30.718105],
            "type": "holiday",
            "description": "Antalya",
            "img": []
            },
        "akdeniz_university": {
            "name": "Akdeniz University",
            "location": "Akdeniz University, Antalya, Turkey",
            "lat-lon": [36.8923964,30.6621549],
            "type": "university",
            "description": "Akdeniz Matematik Olimpiyatlari",
            "img": []
            }
    },

    "usa_coverage": ["AZ", "CA", "CO", "ID", "IL", "IN", "KS", "KY", "MA", "MI", "MN", "MO", "MT", "ND", "NY", "OH", "OR", "PA", "SD", "TN", "TX", "UT", "WA", "WI", "WY"],
    "europe_coverage": ["DE", "GR", "NL", "PT", "TR"],

    "metadata":{
        "last-update": "10-16-2016"
    }
}
